{
  "version": 2,
  "name": "developer",
  "alias": ["developer.dashboard-ui.com"],
  "builds": [
    {
      "src": "build/**/*",
      "use": "@now/static"
    }
  ],
  "routes": [
    {
      "src": "/static/(.*)",
      "headers": {
        "cache-control": "s-maxage=31536000,immutable"
      },
      "dest": "/build/static/$1"
    },
    {
      "src": "/favicon.ico",
      "dest": "/build/favicon.ico"
    },
    {
      "src": "/asset-manifest.json",
      "dest": "/build/asset-manifest.json"
    },
    {
      "src": "/manifest.json",
      "dest": "/build/manifest.json"
    },
    {
      "src": "/precache-manifest.(.*)",
      "dest": "/build/precache-manifest.$1"
    },
    {
      "src": "/service-worker.js",
      "headers": {
        "cache-control": "s-maxage=0"
      },
      "dest": "/build/service-worker.js"
    },
    {
      "src": "/(.*)",
      "headers": {
        "cache-control": "s-maxage=0"
      },
      "dest": "/build/$1"
    }
  ]
}
